{"cameraMode":{"drawMode":0,"name":"Shaded","section":"Shading Mode"},"sceneLighting":true,"audioPlay":false,"sceneViewState":{"m_AlwaysRefresh":false,"showFog":true,"showSkybox":true,"showFlares":true,"showImageEffects":true,"showParticleSystems":true,"showVisualEffectGraphs":true,"m_FxEnabled":true},"in2DMode":false,"pivot":{"x":-105.47207641601563,"y":0.029219627380371095,"z":-3.103302001953125},"rotation":{"x":0.09611766785383225,"y":-0.02986038476228714,"z":0.0028878552839159967,"w":0.9949219822883606},"size":7.4250335693359379,"orthographic":false}